<?xml version="1.0" encoding="UTF-8" ?>
<!DOCTYPE mapper PUBLIC "-//mybatis.org//DTD Mapper 3.0//EN"
  "http://mybatis.org/dtd/mybatis-3-mapper.dtd">
<mapper namespace="boardMapper">
	<resultMap type="boardDto" id="boardMap">
		<constructor>
			<idArg column="ID" javaType="_int" />
		</constructor>
		<id column="ID" property="id" />
		<result column="TITLE" property="title" />
		<result column="EMPID" property="empId" />
		<result column="CREATEDATE" property="createDate" />
		<result column="VIEW_CNT" property="viewCnt" />
		<result column="LIKE" property="like" />
		<association property="empObj" javaType="empDto">
			<id column="EMPID" property="empId" />
			<result column="EMPNAME" property="empName" />
		</association>
	</resultMap>
	<select id="selectAll" resultMap="boardMap">
		SELECT B.ID, B.TITLE
		     , B.EMPID
		     , E.FIRST_NAME || ' ' || E.LAST_NAME AS EMPNAME
		     , B.CREATEDATE
		     , B.VIEW_CNT, B."LIKE"
		  FROM EMP_BOARDS B
		  JOIN EMPLOYEES E
		    ON B.EMPID = E.EMPLOYEE_ID
		 ORDER BY ID DESC
	</select>
	<select id="getNextSeq" resultType="_int">
		SELECT EMP_BOARDS_SEQ.NEXTVAL FROM DUAL
	</select>
	<insert id="insertDataAutoSeq" parameterType="boardDto" useGeneratedKeys="true"
		keyProperty="id" keyColumn="ID">
		INSERT INTO EMP_BOARDS(ID, TITLE, CONTENT, EMPID, CREATEDATE)
			 VALUES(EMP_BOARDS_SEQ.NEXTVAL, #{title}, #{content}, #{empId}, SYSDATE)
	</insert>
	<insert id="insertData" parameterType="boardDto">
		INSERT INTO EMP_BOARDS(ID, TITLE, CONTENT, EMPID, CREATEDATE)
			 VALUES(#{id}, #{title}, #{content}, #{empId}, SYSDATE)
	</insert>
	<select id="selectData" resultType="boardDto">
		SELECT ID, TITLE, CONTENT
		     , EMPID, CREATEDATE
		     , VIEW_CNT AS viewCnt, "LIKE"
		  FROM EMP_BOARDS
		 WHERE ID = #{id}
	</select>
	<update id="updateViewCnt" parameterType="boardDto">
		UPDATE EMP_BOARDS
		   SET VIEW_CNT = #{viewCnt} + 1
		 WHERE ID = #{id}
	</update>
	<update id="updateLike" parameterType="boardDto">
		UPDATE EMP_BOARDS
		   SET "LIKE" = #{like}
		 WHERE ID = #{id}
	</update>
	<select id="selectStatis" resultType="boardStatisDto" parameterType="boardDto">
		SELECT ID, EMPID, BID
		     , ISVIEW AS "view"
		     , LATEST_DATE1 AS latestView
		     , ISLIKE AS "like"
		     , LATEST_DATE2 AS latestLike
		  FROM EMP_BOARDS_STATISTICS
		 WHERE EMPID = #{empId}
		   AND BID = #{bId}
	</select>
	<insert id="insertStatis" parameterType="boardStatisDto">
		INSERT INTO EMP_BOARDS_STATISTICS
		     VALUES(EMP_BOARDS_STATISTICS_SEQ.NEXTVAL
		          , #{empId}, #{bId}, 'Y', SYSDATE, 'N', NULL)
	</insert>
	<update id="updateStatis" parameterType="boardStatisDto">
		UPDATE EMP_BOARDS_STATISTICS
		   SET LATEST_DATE1 = SYSDATE
		 WHERE EMPID = #{empId}
		   AND BID = #{bId}
	</update>
	<update id="updateLikeStatis" parameterType="boardStatisDto">
		UPDATE EMP_BOARDS_STATISTICS
		   SET LATEST_DATE2 = SYSDATE
		   <choose>
			   <when test="like">
			     , ISLIKE = 'Y'
			   </when>
			   <otherwise>
			   	 , ISLIKE = 'N'
			   </otherwise>
		   </choose>
		 WHERE EMPID = #{empId}
		   AND BID = #{bId}
	</update>
	<select id="getTotalRows" resultType="_int" parameterType="String">
		SELECT COUNT(*)
		  FROM EMP_BOARDS
		<if test="search != null">
			WHERE TITLE LIKE '%' || #{search} || '%'
		</if>
	</select>
	<select id="selectPage" resultMap="boardMap" parameterType="String">
		SELECT B.ID, B.TITLE
		     , B.EMPID
		     , E.FIRST_NAME || ' ' || E.LAST_NAME AS EMPNAME
		     , B.CREATEDATE
		     , B.VIEW_CNT, B."LIKE"
		  FROM EMP_BOARDS B
		  JOIN EMPLOYEES E
		    ON B.EMPID = E.EMPLOYEE_ID
		<if test="search != null">
			WHERE TITLE LIKE '%' || #{search} || '%'
		</if>
		 ORDER BY ID DESC
	</select>
	<delete id="deleteData">
		DELETE FROM EMP_BOARDS
		 WHERE ID = #{id}
	</delete>
	<delete id="deleteStatisData">
		DELETE FROM EMP_BOARDS_STATISTICS
		 WHERE BID = #{id}
	</delete>
	<update id="updateData">
		UPDATE EMP_BOARDS
		   SET TITLE = #{title}
		     , CONTENT = #{content}
		 WHERE ID = #{id}
	</update>
</mapper>